SHEFF/QuEst	1	0.020000	215
SHEFF/QuEst	2	0.282051	1227
SHEFF/QuEst	3	0.000000	1
SHEFF/QuEst	4	0.125000	627
SHEFF/QuEst	5	0.111111	573
SHEFF/QuEst	6	0.416667	1539
SHEFF/QuEst	7	0.213333	1016
SHEFF/QuEst	8	0.692308	1772
SHEFF/QuEst	9	0.000000	2
SHEFF/QuEst	10	0.142857	696
SHEFF/QuEst	11	0.285714	1231
SHEFF/QuEst	12	0.133333	672
SHEFF/QuEst	13	0.050000	298
SHEFF/QuEst	14	0.153846	746
SHEFF/QuEst	15	0.375000	1464
SHEFF/QuEst	16	0.300000	1275
SHEFF/QuEst	17	0.333333	1354
SHEFF/QuEst	18	0.000000	3
SHEFF/QuEst	19	0.323529	1347
SHEFF/QuEst	20	0.062500	363
SHEFF/QuEst	21	0.297872	1274
SHEFF/QuEst	22	0.055556	324
SHEFF/QuEst	23	0.080000	442
SHEFF/QuEst	24	0.533333	1680
SHEFF/QuEst	25	0.181818	880
SHEFF/QuEst	26	0.357143	1428
SHEFF/QuEst	27	0.341463	1401
SHEFF/QuEst	28	0.400000	1510
SHEFF/QuEst	29	0.142857	697
SHEFF/QuEst	30	0.055556	325
SHEFF/QuEst	31	0.200000	938
SHEFF/QuEst	32	0.187500	908
SHEFF/QuEst	33	0.066667	378
SHEFF/QuEst	34	0.555556	1694
SHEFF/QuEst	35	0.000000	4
SHEFF/QuEst	36	0.100000	522
SHEFF/QuEst	37	0.200000	939
SHEFF/QuEst	38	0.125000	628
SHEFF/QuEst	39	0.037037	265
SHEFF/QuEst	40	0.450704	1592
SHEFF/QuEst	41	0.400000	1511
SHEFF/QuEst	42	0.615385	1734
SHEFF/QuEst	43	0.370370	1459
SHEFF/QuEst	44	0.307692	1300
SHEFF/QuEst	45	0.222222	1037
SHEFF/QuEst	46	0.777778	1793
SHEFF/QuEst	47	0.000000	5
SHEFF/QuEst	48	0.520000	1672
SHEFF/QuEst	49	0.000000	6
SHEFF/QuEst	50	0.100000	523
SHEFF/QuEst	51	0.240000	1103
SHEFF/QuEst	52	0.285714	1232
SHEFF/QuEst	53	0.193548	931
SHEFF/QuEst	54	0.333333	1355
SHEFF/QuEst	55	0.043478	279
SHEFF/QuEst	56	0.071429	399
SHEFF/QuEst	57	0.428571	1554
SHEFF/QuEst	58	0.900000	1809
SHEFF/QuEst	59	0.032258	244
SHEFF/QuEst	60	0.111111	574
SHEFF/QuEst	61	0.107143	564
SHEFF/QuEst	62	0.090909	478
SHEFF/QuEst	63	0.224490	1061
SHEFF/QuEst	64	0.652174	1760
SHEFF/QuEst	65	0.125000	629
SHEFF/QuEst	66	0.000000	7
SHEFF/QuEst	67	0.166667	796
SHEFF/QuEst	68	0.080000	443
SHEFF/QuEst	69	0.000000	8
SHEFF/QuEst	70	0.019608	214
SHEFF/QuEst	71	0.382353	1481
SHEFF/QuEst	72	0.025000	223
SHEFF/QuEst	73	0.178571	875
SHEFF/QuEst	74	0.625000	1739
SHEFF/QuEst	75	0.166667	797
SHEFF/QuEst	76	0.385965	1494
SHEFF/QuEst	77	0.166667	798
SHEFF/QuEst	78	0.187500	909
SHEFF/QuEst	79	0.000000	9
SHEFF/QuEst	80	0.000000	10
SHEFF/QuEst	81	0.260870	1170
SHEFF/QuEst	82	0.125000	630
SHEFF/QuEst	83	0.375000	1465
SHEFF/QuEst	84	0.000000	11
SHEFF/QuEst	85	0.375000	1466
SHEFF/QuEst	86	0.029412	237
SHEFF/QuEst	87	0.541667	1686
SHEFF/QuEst	88	0.526316	1676
SHEFF/QuEst	89	0.666667	1762
SHEFF/QuEst	90	0.266667	1182
SHEFF/QuEst	91	0.454545	1595
SHEFF/QuEst	92	0.352941	1420
SHEFF/QuEst	93	0.000000	12
SHEFF/QuEst	94	0.291667	1262
SHEFF/QuEst	95	0.500000	1641
SHEFF/QuEst	96	0.928571	1811
SHEFF/QuEst	97	0.256410	1160
SHEFF/QuEst	98	0.333333	1356
SHEFF/QuEst	99	0.366667	1451
SHEFF/QuEst	100	0.476190	1625
SHEFF/QuEst	101	0.176471	864
SHEFF/QuEst	102	0.171429	852
SHEFF/QuEst	103	0.500000	1642
SHEFF/QuEst	104	0.444444	1581
SHEFF/QuEst	105	0.357143	1429
SHEFF/QuEst	106	0.222222	1038
SHEFF/QuEst	107	0.388889	1496
SHEFF/QuEst	108	0.115385	607
SHEFF/QuEst	109	0.071429	400
SHEFF/QuEst	110	0.190476	921
SHEFF/QuEst	111	0.352941	1421
SHEFF/QuEst	112	0.212121	1012
SHEFF/QuEst	113	0.020833	217
SHEFF/QuEst	114	0.375000	1467
SHEFF/QuEst	115	0.111111	575
SHEFF/QuEst	116	0.312500	1317
SHEFF/QuEst	117	0.071429	401
SHEFF/QuEst	118	0.000000	13
SHEFF/QuEst	119	0.578947	1715
SHEFF/QuEst	120	0.185185	902
SHEFF/QuEst	121	0.022727	219
SHEFF/QuEst	122	0.086957	466
SHEFF/QuEst	123	0.054054	321
SHEFF/QuEst	124	0.030303	238
SHEFF/QuEst	125	0.285714	1233
SHEFF/QuEst	126	0.000000	14
SHEFF/QuEst	127	0.333333	1357
SHEFF/QuEst	128	0.058824	351
SHEFF/QuEst	129	0.409091	1531
SHEFF/QuEst	130	0.200000	940
SHEFF/QuEst	131	0.375000	1468
SHEFF/QuEst	132	0.035714	260
SHEFF/QuEst	133	0.022222	218
SHEFF/QuEst	134	1.000000	1812
SHEFF/QuEst	135	0.076923	424
SHEFF/QuEst	136	0.555556	1695
SHEFF/QuEst	137	0.260870	1171
SHEFF/QuEst	138	0.857143	1804
SHEFF/QuEst	139	0.615385	1735
SHEFF/QuEst	140	0.320000	1339
SHEFF/QuEst	141	0.304348	1291
SHEFF/QuEst	142	0.529412	1678
SHEFF/QuEst	143	0.038462	269
SHEFF/QuEst	144	0.315789	1325
SHEFF/QuEst	145	0.714286	1777
SHEFF/QuEst	146	0.032258	245
SHEFF/QuEst	147	0.000000	15
SHEFF/QuEst	148	0.354839	1427
SHEFF/QuEst	149	0.481481	1635
SHEFF/QuEst	150	0.388889	1497
SHEFF/QuEst	151	0.323529	1348
SHEFF/QuEst	152	0.000000	16
SHEFF/QuEst	153	0.250000	1116
SHEFF/QuEst	154	0.421053	1546
SHEFF/QuEst	155	0.088889	476
SHEFF/QuEst	156	0.125000	631
SHEFF/QuEst	157	0.357143	1430
SHEFF/QuEst	158	0.307692	1301
SHEFF/QuEst	159	0.045455	286
SHEFF/QuEst	160	0.000000	17
SHEFF/QuEst	161	0.333333	1358
SHEFF/QuEst	162	0.250000	1117
SHEFF/QuEst	163	0.714286	1778
SHEFF/QuEst	164	0.000000	18
SHEFF/QuEst	165	0.200000	941
SHEFF/QuEst	166	0.484848	1639
SHEFF/QuEst	167	0.090909	479
SHEFF/QuEst	168	0.130435	664
SHEFF/QuEst	169	0.166667	799
SHEFF/QuEst	170	0.000000	19
SHEFF/QuEst	171	0.028571	234
SHEFF/QuEst	172	0.000000	20
SHEFF/QuEst	173	0.200000	942
SHEFF/QuEst	174	0.000000	21
SHEFF/QuEst	175	0.000000	22
SHEFF/QuEst	176	0.264706	1180
SHEFF/QuEst	177	0.363636	1439
SHEFF/QuEst	178	0.400000	1512
SHEFF/QuEst	179	0.228571	1067
SHEFF/QuEst	180	0.466667	1615
SHEFF/QuEst	181	0.074074	420
SHEFF/QuEst	182	0.454545	1596
SHEFF/QuEst	183	0.285714	1234
SHEFF/QuEst	184	0.080000	444
SHEFF/QuEst	185	0.375000	1469
SHEFF/QuEst	186	0.733333	1785
SHEFF/QuEst	187	0.112500	604
SHEFF/QuEst	188	0.285714	1235
SHEFF/QuEst	189	0.282051	1228
SHEFF/QuEst	190	0.283333	1230
SHEFF/QuEst	191	0.470588	1619
SHEFF/QuEst	192	0.181818	881
SHEFF/QuEst	193	0.000000	23
SHEFF/QuEst	194	0.300000	1276
SHEFF/QuEst	195	0.372093	1463
SHEFF/QuEst	196	0.250000	1118
SHEFF/QuEst	197	0.162162	791
SHEFF/QuEst	198	0.500000	1643
SHEFF/QuEst	199	0.083333	451
SHEFF/QuEst	200	0.272727	1196
SHEFF/QuEst	201	0.317073	1334
SHEFF/QuEst	202	0.000000	24
SHEFF/QuEst	203	0.000000	25
SHEFF/QuEst	204	0.333333	1359
SHEFF/QuEst	205	0.384615	1484
SHEFF/QuEst	206	0.095238	509
SHEFF/QuEst	207	0.045455	287
SHEFF/QuEst	208	0.086957	467
SHEFF/QuEst	209	0.318182	1337
SHEFF/QuEst	210	0.444444	1582
SHEFF/QuEst	211	0.363636	1440
SHEFF/QuEst	212	0.169231	848
SHEFF/QuEst	213	0.235294	1094
SHEFF/QuEst	214	0.050000	299
SHEFF/QuEst	215	0.222222	1039
SHEFF/QuEst	216	0.296296	1271
SHEFF/QuEst	217	0.105263	551
SHEFF/QuEst	218	0.133333	673
SHEFF/QuEst	219	0.307692	1302
SHEFF/QuEst	220	0.384615	1485
SHEFF/QuEst	221	0.000000	26
SHEFF/QuEst	222	0.324324	1351
SHEFF/QuEst	223	0.375000	1470
SHEFF/QuEst	224	0.178571	876
SHEFF/QuEst	225	0.200000	943
SHEFF/QuEst	226	0.142857	698
SHEFF/QuEst	227	0.250000	1119
SHEFF/QuEst	228	0.032258	246
SHEFF/QuEst	229	0.200000	944
SHEFF/QuEst	230	0.210526	1006
SHEFF/QuEst	231	0.088235	472
SHEFF/QuEst	232	0.125000	632
SHEFF/QuEst	233	0.736842	1787
SHEFF/QuEst	234	0.096774	515
SHEFF/QuEst	235	0.187500	910
SHEFF/QuEst	236	0.305556	1296
SHEFF/QuEst	237	0.312500	1318
SHEFF/QuEst	238	0.153846	747
SHEFF/QuEst	239	0.185185	903
SHEFF/QuEst	240	0.479167	1633
SHEFF/QuEst	241	0.142857	699
SHEFF/QuEst	242	0.500000	1644
SHEFF/QuEst	243	0.196970	937
SHEFF/QuEst	244	0.045455	288
SHEFF/QuEst	245	0.000000	27
SHEFF/QuEst	246	0.111111	576
SHEFF/QuEst	247	0.133333	674
SHEFF/QuEst	248	0.288462	1258
SHEFF/QuEst	249	0.212121	1013
SHEFF/QuEst	250	0.565217	1703
SHEFF/QuEst	251	0.100000	524
SHEFF/QuEst	252	0.800000	1796
SHEFF/QuEst	253	0.457143	1607
SHEFF/QuEst	254	0.222222	1040
SHEFF/QuEst	255	0.150000	733
SHEFF/QuEst	256	0.434783	1571
SHEFF/QuEst	257	0.052632	308
SHEFF/QuEst	258	0.531250	1679
SHEFF/QuEst	259	0.200000	945
SHEFF/QuEst	260	0.583333	1718
SHEFF/QuEst	261	0.200000	946
SHEFF/QuEst	262	0.111111	577
SHEFF/QuEst	263	0.129032	661
SHEFF/QuEst	264	0.137931	691
SHEFF/QuEst	265	0.235294	1095
SHEFF/QuEst	266	0.133333	675
SHEFF/QuEst	267	0.187500	911
SHEFF/QuEst	268	0.440000	1578
SHEFF/QuEst	269	0.230769	1070
SHEFF/QuEst	270	0.071429	402
SHEFF/QuEst	271	0.400000	1513
SHEFF/QuEst	272	0.360000	1437
SHEFF/QuEst	273	0.650000	1758
SHEFF/QuEst	274	0.071429	403
SHEFF/QuEst	275	0.090909	480
SHEFF/QuEst	276	0.173913	857
SHEFF/QuEst	277	0.000000	28
SHEFF/QuEst	278	0.200000	947
SHEFF/QuEst	279	0.276596	1216
SHEFF/QuEst	280	0.666667	1763
SHEFF/QuEst	281	0.035714	261
SHEFF/QuEst	282	0.222222	1041
SHEFF/QuEst	283	0.350000	1414
SHEFF/QuEst	284	0.437500	1574
SHEFF/QuEst	285	0.583333	1719
SHEFF/QuEst	286	0.272727	1197
SHEFF/QuEst	287	0.047619	293
SHEFF/QuEst	288	0.000000	29
SHEFF/QuEst	289	0.500000	1645
SHEFF/QuEst	290	0.100000	525
SHEFF/QuEst	291	0.750000	1789
SHEFF/QuEst	292	0.150000	734
SHEFF/QuEst	293	0.333333	1360
SHEFF/QuEst	294	0.090909	481
SHEFF/QuEst	295	0.240000	1104
SHEFF/QuEst	296	0.555556	1696
SHEFF/QuEst	297	0.142857	700
SHEFF/QuEst	298	0.055556	326
SHEFF/QuEst	299	0.066667	379
SHEFF/QuEst	300	0.366667	1452
SHEFF/QuEst	301	0.142857	701
SHEFF/QuEst	302	0.500000	1646
SHEFF/QuEst	303	0.000000	30
SHEFF/QuEst	304	0.400000	1514
SHEFF/QuEst	305	0.190476	922
SHEFF/QuEst	306	0.054054	322
SHEFF/QuEst	307	0.000000	31
SHEFF/QuEst	308	0.266667	1183
SHEFF/QuEst	309	0.047619	294
SHEFF/QuEst	310	0.341463	1402
SHEFF/QuEst	311	0.444444	1583
SHEFF/QuEst	312	0.187500	912
SHEFF/QuEst	313	0.000000	32
SHEFF/QuEst	314	0.241935	1111
SHEFF/QuEst	315	0.700000	1773
SHEFF/QuEst	316	0.071429	404
SHEFF/QuEst	317	0.206897	998
SHEFF/QuEst	318	0.111111	578
SHEFF/QuEst	319	0.000000	33
SHEFF/QuEst	320	0.125000	633
SHEFF/QuEst	321	0.000000	34
SHEFF/QuEst	322	0.071429	405
SHEFF/QuEst	323	0.625000	1740
SHEFF/QuEst	324	0.052632	309
SHEFF/QuEst	325	0.437500	1575
SHEFF/QuEst	326	0.166667	800
SHEFF/QuEst	327	0.187500	913
SHEFF/QuEst	328	0.064516	376
SHEFF/QuEst	329	0.107143	565
SHEFF/QuEst	330	1.000000	1813
SHEFF/QuEst	331	0.000000	35
SHEFF/QuEst	332	0.363636	1441
SHEFF/QuEst	333	0.266667	1184
SHEFF/QuEst	334	0.350000	1415
SHEFF/QuEst	335	0.000000	36
SHEFF/QuEst	336	0.100000	526
SHEFF/QuEst	337	0.071429	406
SHEFF/QuEst	338	0.000000	37
SHEFF/QuEst	339	0.200000	948
SHEFF/QuEst	340	0.411765	1534
SHEFF/QuEst	341	0.156250	769
SHEFF/QuEst	342	0.285714	1236
SHEFF/QuEst	343	0.419355	1545
SHEFF/QuEst	344	0.137931	692
SHEFF/QuEst	345	0.153846	748
SHEFF/QuEst	346	0.076923	425
SHEFF/QuEst	347	0.230769	1071
SHEFF/QuEst	348	0.571429	1708
SHEFF/QuEst	349	0.360000	1438
SHEFF/QuEst	350	0.133333	676
SHEFF/QuEst	351	0.090909	482
SHEFF/QuEst	352	0.181818	882
SHEFF/QuEst	353	0.033333	251
SHEFF/QuEst	354	0.282609	1229
SHEFF/QuEst	355	0.086957	468
SHEFF/QuEst	356	0.000000	38
SHEFF/QuEst	357	0.166667	801
SHEFF/QuEst	358	0.210526	1007
SHEFF/QuEst	359	0.117647	612
SHEFF/QuEst	360	0.333333	1361
SHEFF/QuEst	361	0.192308	928
SHEFF/QuEst	362	0.315789	1326
SHEFF/QuEst	363	0.250000	1120
SHEFF/QuEst	364	0.461538	1608
SHEFF/QuEst	365	0.250000	1121
SHEFF/QuEst	366	0.454545	1597
SHEFF/QuEst	367	0.275000	1214
SHEFF/QuEst	368	0.166667	802
SHEFF/QuEst	369	0.250000	1122
SHEFF/QuEst	370	0.857143	1805
SHEFF/QuEst	371	0.166667	803
SHEFF/QuEst	372	0.166667	804
SHEFF/QuEst	373	0.625000	1741
SHEFF/QuEst	374	0.055556	327
SHEFF/QuEst	375	0.041667	274
SHEFF/QuEst	376	0.322581	1342
SHEFF/QuEst	377	0.058824	352
SHEFF/QuEst	378	0.161290	785
SHEFF/QuEst	379	0.093023	506
SHEFF/QuEst	380	0.100000	527
SHEFF/QuEst	381	0.166667	805
SHEFF/QuEst	382	0.125000	634
SHEFF/QuEst	383	0.560000	1699
SHEFF/QuEst	384	0.000000	39
SHEFF/QuEst	385	0.125000	635
SHEFF/QuEst	386	0.326087	1353
SHEFF/QuEst	387	0.291667	1263
SHEFF/QuEst	388	0.030303	239
SHEFF/QuEst	389	0.500000	1647
SHEFF/QuEst	390	0.357143	1431
SHEFF/QuEst	391	0.135135	685
SHEFF/QuEst	392	0.333333	1362
SHEFF/QuEst	393	0.333333	1363
SHEFF/QuEst	394	0.166667	806
SHEFF/QuEst	395	0.233333	1090
SHEFF/QuEst	396	0.000000	40
SHEFF/QuEst	397	0.166667	807
SHEFF/QuEst	398	0.000000	41
SHEFF/QuEst	399	0.254545	1159
SHEFF/QuEst	400	0.055556	328
SHEFF/QuEst	401	0.000000	42
SHEFF/QuEst	402	0.062500	364
SHEFF/QuEst	403	0.100000	528
SHEFF/QuEst	404	0.367347	1454
SHEFF/QuEst	405	0.138889	694
SHEFF/QuEst	406	0.250000	1123
SHEFF/QuEst	407	0.181818	883
SHEFF/QuEst	408	0.296296	1272
SHEFF/QuEst	409	0.000000	43
SHEFF/QuEst	410	0.238095	1099
SHEFF/QuEst	411	0.000000	44
SHEFF/QuEst	412	0.714286	1779
SHEFF/QuEst	413	0.583333	1720
SHEFF/QuEst	414	0.625000	1742
SHEFF/QuEst	415	0.739130	1788
SHEFF/QuEst	416	0.250000	1124
SHEFF/QuEst	417	0.480000	1634
SHEFF/QuEst	418	0.600000	1723
SHEFF/QuEst	419	0.277108	1217
SHEFF/QuEst	420	0.066667	380
SHEFF/QuEst	421	0.166667	808
SHEFF/QuEst	422	0.000000	45
SHEFF/QuEst	423	0.133333	677
SHEFF/QuEst	424	0.322581	1343
SHEFF/QuEst	425	0.200000	949
SHEFF/QuEst	426	0.434783	1572
SHEFF/QuEst	427	0.166667	809
SHEFF/QuEst	428	0.000000	46
SHEFF/QuEst	429	0.142857	702
SHEFF/QuEst	430	0.230769	1072
SHEFF/QuEst	431	0.428571	1555
SHEFF/QuEst	432	0.044444	285
SHEFF/QuEst	433	0.333333	1364
SHEFF/QuEst	434	0.025641	224
SHEFF/QuEst	435	0.428571	1556
SHEFF/QuEst	436	0.428571	1557
SHEFF/QuEst	437	0.034483	254
SHEFF/QuEst	438	0.000000	47
SHEFF/QuEst	439	0.416667	1540
SHEFF/QuEst	440	0.066667	381
SHEFF/QuEst	441	0.107143	566
SHEFF/QuEst	442	0.392857	1504
SHEFF/QuEst	443	0.153846	749
SHEFF/QuEst	444	0.000000	48
SHEFF/QuEst	445	0.170213	850
SHEFF/QuEst	446	0.200000	950
SHEFF/QuEst	447	0.166667	810
SHEFF/QuEst	448	0.125000	636
SHEFF/QuEst	449	0.214286	1017
SHEFF/QuEst	450	0.625000	1743
SHEFF/QuEst	451	0.166667	811
SHEFF/QuEst	452	0.191489	926
SHEFF/QuEst	453	0.379310	1478
SHEFF/QuEst	454	0.142857	703
SHEFF/QuEst	455	0.281250	1225
SHEFF/QuEst	456	0.333333	1365
SHEFF/QuEst	457	0.000000	49
SHEFF/QuEst	458	0.191489	927
SHEFF/QuEst	459	0.000000	50
SHEFF/QuEst	460	0.344828	1406
SHEFF/QuEst	461	0.014706	212
SHEFF/QuEst	462	0.097561	519
SHEFF/QuEst	463	0.161290	786
SHEFF/QuEst	464	0.172414	854
SHEFF/QuEst	465	0.000000	51
SHEFF/QuEst	466	0.214286	1018
SHEFF/QuEst	467	0.111111	579
SHEFF/QuEst	468	0.250000	1125
SHEFF/QuEst	469	0.150000	735
SHEFF/QuEst	470	0.043478	280
SHEFF/QuEst	471	0.159091	780
SHEFF/QuEst	472	0.208333	1001
SHEFF/QuEst	473	0.750000	1790
SHEFF/QuEst	474	0.142857	704
SHEFF/QuEst	475	0.025641	225
SHEFF/QuEst	476	0.090909	483
SHEFF/QuEst	477	0.000000	52
SHEFF/QuEst	478	0.050000	300
SHEFF/QuEst	479	0.111111	580
SHEFF/QuEst	480	0.272727	1198
SHEFF/QuEst	481	0.222222	1042
SHEFF/QuEst	482	0.727273	1784
SHEFF/QuEst	483	0.116279	611
SHEFF/QuEst	484	0.250000	1126
SHEFF/QuEst	485	0.641509	1753
SHEFF/QuEst	486	0.272727	1199
SHEFF/QuEst	487	0.000000	53
SHEFF/QuEst	488	0.000000	54
SHEFF/QuEst	489	0.000000	55
SHEFF/QuEst	490	0.032258	247
SHEFF/QuEst	491	0.400000	1515
SHEFF/QuEst	492	0.066667	382
SHEFF/QuEst	493	0.125000	637
SHEFF/QuEst	494	0.000000	56
SHEFF/QuEst	495	0.210526	1008
SHEFF/QuEst	496	0.000000	57
SHEFF/QuEst	497	0.421053	1547
SHEFF/QuEst	498	0.090909	484
SHEFF/QuEst	499	0.625000	1744
SHEFF/QuEst	500	0.227273	1064
SHEFF/QuEst	501	0.684211	1769
SHEFF/QuEst	502	0.090909	485
SHEFF/QuEst	503	0.100000	529
SHEFF/QuEst	504	0.000000	58
SHEFF/QuEst	505	0.052632	310
SHEFF/QuEst	506	0.068966	392
SHEFF/QuEst	507	0.333333	1366
SHEFF/QuEst	508	0.000000	59
SHEFF/QuEst	509	0.447368	1588
SHEFF/QuEst	510	0.153846	750
SHEFF/QuEst	511	0.000000	60
SHEFF/QuEst	512	0.200000	951
SHEFF/QuEst	513	0.500000	1648
SHEFF/QuEst	514	0.210526	1009
SHEFF/QuEst	515	0.375000	1471
SHEFF/QuEst	516	0.200000	952
SHEFF/QuEst	517	0.222222	1043
SHEFF/QuEst	518	0.000000	61
SHEFF/QuEst	519	0.266667	1185
SHEFF/QuEst	520	0.153846	751
SHEFF/QuEst	521	0.055556	329
SHEFF/QuEst	522	0.011765	211
SHEFF/QuEst	523	0.425000	1553
SHEFF/QuEst	524	0.062500	365
SHEFF/QuEst	525	1.000000	1814
SHEFF/QuEst	526	0.162162	792
SHEFF/QuEst	527	0.111111	581
SHEFF/QuEst	528	0.304348	1292
SHEFF/QuEst	529	0.090909	486
SHEFF/QuEst	530	0.371429	1462
SHEFF/QuEst	531	0.375000	1472
SHEFF/QuEst	532	0.181818	884
SHEFF/QuEst	533	0.000000	62
SHEFF/QuEst	534	0.344828	1407
SHEFF/QuEst	535	0.033898	253
SHEFF/QuEst	536	0.243243	1112
SHEFF/QuEst	537	0.200000	953
SHEFF/QuEst	538	0.333333	1367
SHEFF/QuEst	539	0.166667	812
SHEFF/QuEst	540	0.323529	1349
SHEFF/QuEst	541	0.259259	1163
SHEFF/QuEst	542	0.076923	426
SHEFF/QuEst	543	0.076923	427
SHEFF/QuEst	544	0.466667	1616
SHEFF/QuEst	545	0.250000	1127
SHEFF/QuEst	546	0.214286	1019
SHEFF/QuEst	547	0.466667	1617
SHEFF/QuEst	548	0.000000	63
SHEFF/QuEst	549	0.375000	1473
SHEFF/QuEst	550	0.250000	1128
SHEFF/QuEst	551	0.130435	665
SHEFF/QuEst	552	0.100000	530
SHEFF/QuEst	553	0.545455	1687
SHEFF/QuEst	554	0.611111	1731
SHEFF/QuEst	555	0.127660	660
SHEFF/QuEst	556	0.100000	531
SHEFF/QuEst	557	0.200000	954
SHEFF/QuEst	558	0.176471	865
SHEFF/QuEst	559	0.083333	452
SHEFF/QuEst	560	0.060606	360
SHEFF/QuEst	561	0.000000	64
SHEFF/QuEst	562	0.000000	65
SHEFF/QuEst	563	0.030303	240
SHEFF/QuEst	564	0.090909	487
SHEFF/QuEst	565	0.250000	1129
SHEFF/QuEst	566	0.000000	66
SHEFF/QuEst	567	0.125000	638
SHEFF/QuEst	568	0.571429	1709
SHEFF/QuEst	569	0.250000	1130
SHEFF/QuEst	570	0.000000	67
SHEFF/QuEst	571	0.195402	935
SHEFF/QuEst	572	0.107143	567
SHEFF/QuEst	573	0.259259	1164
SHEFF/QuEst	574	0.121212	622
SHEFF/QuEst	575	0.312500	1319
SHEFF/QuEst	576	0.272727	1200
SHEFF/QuEst	577	0.117647	613
SHEFF/QuEst	578	0.090909	488
SHEFF/QuEst	579	0.428571	1558
SHEFF/QuEst	580	0.034483	255
SHEFF/QuEst	581	0.142857	705
SHEFF/QuEst	582	0.600000	1724
SHEFF/QuEst	583	0.072464	418
SHEFF/QuEst	584	0.714286	1780
SHEFF/QuEst	585	0.125000	639
SHEFF/QuEst	586	0.294118	1267
SHEFF/QuEst	587	0.028571	235
SHEFF/QuEst	588	0.205882	994
SHEFF/QuEst	589	0.050000	301
SHEFF/QuEst	590	0.275000	1215
SHEFF/QuEst	591	0.571429	1710
SHEFF/QuEst	592	0.076923	428
SHEFF/QuEst	593	0.076923	429
SHEFF/QuEst	594	0.250000	1131
SHEFF/QuEst	595	0.107143	568
SHEFF/QuEst	596	0.181818	885
SHEFF/QuEst	597	0.000000	68
SHEFF/QuEst	598	0.111111	582
SHEFF/QuEst	599	0.240000	1105
SHEFF/QuEst	600	0.187500	914
SHEFF/QuEst	601	0.000000	69
SHEFF/QuEst	602	0.000000	70
SHEFF/QuEst	603	0.062500	366
SHEFF/QuEst	604	0.200000	955
SHEFF/QuEst	605	0.071429	407
SHEFF/QuEst	606	0.454545	1598
SHEFF/QuEst	607	0.272727	1201
SHEFF/QuEst	608	0.250000	1132
SHEFF/QuEst	609	0.000000	71
SHEFF/QuEst	610	0.222222	1044
SHEFF/QuEst	611	0.473684	1622
SHEFF/QuEst	612	0.125000	640
SHEFF/QuEst	613	0.032258	248
SHEFF/QuEst	614	0.363636	1442
SHEFF/QuEst	615	0.500000	1649
SHEFF/QuEst	616	0.857143	1806
SHEFF/QuEst	617	0.421053	1548
SHEFF/QuEst	618	0.636364	1748
SHEFF/QuEst	619	0.200000	956
SHEFF/QuEst	620	0.666667	1764
SHEFF/QuEst	621	0.363636	1443
SHEFF/QuEst	622	0.133333	678
SHEFF/QuEst	623	0.346154	1409
SHEFF/QuEst	624	0.051282	305
SHEFF/QuEst	625	0.222222	1045
SHEFF/QuEst	626	0.214286	1020
SHEFF/QuEst	627	0.000000	72
SHEFF/QuEst	628	0.153846	752
SHEFF/QuEst	629	0.352941	1422
SHEFF/QuEst	630	0.057143	347
SHEFF/QuEst	631	0.384615	1486
SHEFF/QuEst	632	0.315789	1327
SHEFF/QuEst	633	0.058824	353
SHEFF/QuEst	634	0.481481	1636
SHEFF/QuEst	635	0.200000	957
SHEFF/QuEst	636	0.357143	1432
SHEFF/QuEst	637	0.250000	1133
SHEFF/QuEst	638	0.105263	552
SHEFF/QuEst	639	0.090909	489
SHEFF/QuEst	640	0.230769	1073
SHEFF/QuEst	641	0.218750	1036
SHEFF/QuEst	642	0.184211	900
SHEFF/QuEst	643	0.090909	490
SHEFF/QuEst	644	0.125000	641
SHEFF/QuEst	645	0.205128	993
SHEFF/QuEst	646	0.064516	377
SHEFF/QuEst	647	0.105263	553
SHEFF/QuEst	648	0.058824	354
SHEFF/QuEst	649	0.272727	1202
SHEFF/QuEst	650	0.153846	753
SHEFF/QuEst	651	0.564103	1702
SHEFF/QuEst	652	0.148148	729
SHEFF/QuEst	653	0.322581	1344
SHEFF/QuEst	654	0.058824	355
SHEFF/QuEst	655	0.333333	1368
SHEFF/QuEst	656	0.043478	281
SHEFF/QuEst	657	0.000000	73
SHEFF/QuEst	658	0.333333	1369
SHEFF/QuEst	659	0.368421	1455
SHEFF/QuEst	660	0.083333	453
SHEFF/QuEst	661	0.395349	1507
SHEFF/QuEst	662	0.222222	1046
SHEFF/QuEst	663	0.291667	1264
SHEFF/QuEst	664	0.208333	1002
SHEFF/QuEst	665	0.200000	958
SHEFF/QuEst	666	0.136364	688
SHEFF/QuEst	667	0.111111	583
SHEFF/QuEst	668	0.200000	959
SHEFF/QuEst	669	0.162791	794
SHEFF/QuEst	670	0.025641	226
SHEFF/QuEst	671	0.073171	419
SHEFF/QuEst	672	0.230769	1074
SHEFF/QuEst	673	0.000000	74
SHEFF/QuEst	674	0.062500	367
SHEFF/QuEst	675	0.030303	241
SHEFF/QuEst	676	0.272727	1203
SHEFF/QuEst	677	0.857143	1807
SHEFF/QuEst	678	0.172414	855
SHEFF/QuEst	679	0.032258	249
SHEFF/QuEst	680	0.000000	75
SHEFF/QuEst	681	0.600000	1725
SHEFF/QuEst	682	0.235294	1096
SHEFF/QuEst	683	0.238095	1100
SHEFF/QuEst	684	0.125000	642
SHEFF/QuEst	685	0.300000	1277
SHEFF/QuEst	686	0.111111	584
SHEFF/QuEst	687	0.305556	1297
SHEFF/QuEst	688	0.476190	1626
SHEFF/QuEst	689	0.153846	754
SHEFF/QuEst	690	0.433333	1570
SHEFF/QuEst	691	0.428571	1559
SHEFF/QuEst	692	0.162791	795
SHEFF/QuEst	693	0.733333	1786
SHEFF/QuEst	694	0.080645	448
SHEFF/QuEst	695	0.222222	1047
SHEFF/QuEst	696	0.600000	1726
SHEFF/QuEst	697	0.259259	1165
SHEFF/QuEst	698	0.545455	1688
SHEFF/QuEst	699	0.205882	995
SHEFF/QuEst	700	0.000000	76
SHEFF/QuEst	701	0.285714	1237
SHEFF/QuEst	702	0.041667	275
SHEFF/QuEst	703	0.000000	77
SHEFF/QuEst	704	0.000000	78
SHEFF/QuEst	705	0.166667	813
SHEFF/QuEst	706	0.285714	1238
SHEFF/QuEst	707	0.060606	361
SHEFF/QuEst	708	0.103448	545
SHEFF/QuEst	709	0.642857	1754
SHEFF/QuEst	710	0.100000	532
SHEFF/QuEst	711	0.533333	1681
SHEFF/QuEst	712	0.447761	1589
SHEFF/QuEst	713	0.289474	1259
SHEFF/QuEst	714	0.833333	1802
SHEFF/QuEst	715	0.714286	1781
SHEFF/QuEst	716	0.200000	960
SHEFF/QuEst	717	0.214286	1021
SHEFF/QuEst	718	0.153846	755
SHEFF/QuEst	719	0.035714	262
SHEFF/QuEst	720	0.166667	814
SHEFF/QuEst	721	0.047619	295
SHEFF/QuEst	722	0.315789	1328
SHEFF/QuEst	723	0.333333	1370
SHEFF/QuEst	724	0.285714	1239
SHEFF/QuEst	725	0.272727	1204
SHEFF/QuEst	726	0.000000	79
SHEFF/QuEst	727	0.341463	1403
SHEFF/QuEst	728	0.000000	80
SHEFF/QuEst	729	0.000000	81
SHEFF/QuEst	730	0.052632	311
SHEFF/QuEst	731	0.000000	82
SHEFF/QuEst	732	0.047619	296
SHEFF/QuEst	733	0.062500	368
SHEFF/QuEst	734	0.000000	83
SHEFF/QuEst	735	0.500000	1650
SHEFF/QuEst	736	0.166667	815
SHEFF/QuEst	737	0.166667	816
SHEFF/QuEst	738	0.187500	915
SHEFF/QuEst	739	0.200000	961
SHEFF/QuEst	740	0.115385	608
SHEFF/QuEst	741	0.000000	84
SHEFF/QuEst	742	0.206897	999
SHEFF/QuEst	743	0.200000	962
SHEFF/QuEst	744	0.450980	1593
SHEFF/QuEst	745	0.612903	1732
SHEFF/QuEst	746	0.210526	1010
SHEFF/QuEst	747	0.000000	85
SHEFF/QuEst	748	0.000000	86
SHEFF/QuEst	749	0.000000	87
SHEFF/QuEst	750	0.142857	706
SHEFF/QuEst	751	0.096774	516
SHEFF/QuEst	752	0.800000	1797
SHEFF/QuEst	753	0.625000	1745
SHEFF/QuEst	754	0.545455	1689
SHEFF/QuEst	755	0.312500	1320
SHEFF/QuEst	756	0.393939	1505
SHEFF/QuEst	757	0.040000	273
SHEFF/QuEst	758	0.166667	817
SHEFF/QuEst	759	0.000000	88
SHEFF/QuEst	760	0.214286	1022
SHEFF/QuEst	761	0.272727	1205
SHEFF/QuEst	762	0.382353	1482
SHEFF/QuEst	763	0.526316	1677
SHEFF/QuEst	764	0.280000	1221
SHEFF/QuEst	765	0.363636	1444
SHEFF/QuEst	766	0.125000	643
SHEFF/QuEst	767	0.187500	916
SHEFF/QuEst	768	0.481481	1637
SHEFF/QuEst	769	0.000000	89
SHEFF/QuEst	770	0.090909	491
SHEFF/QuEst	771	0.451613	1594
SHEFF/QuEst	772	0.535714	1683
SHEFF/QuEst	773	0.260870	1172
SHEFF/QuEst	774	0.160000	782
SHEFF/QuEst	775	0.181818	886
SHEFF/QuEst	776	0.428571	1560
SHEFF/QuEst	777	0.105263	554
SHEFF/QuEst	778	0.105263	555
SHEFF/QuEst	779	0.617647	1737
SHEFF/QuEst	780	0.000000	90
SHEFF/QuEst	781	0.125000	644
SHEFF/QuEst	782	0.352941	1423
SHEFF/QuEst	783	0.105263	556
SHEFF/QuEst	784	0.235294	1097
SHEFF/QuEst	785	0.150000	736
SHEFF/QuEst	786	0.000000	91
SHEFF/QuEst	787	0.428571	1561
SHEFF/QuEst	788	0.384615	1487
SHEFF/QuEst	789	0.461538	1609
SHEFF/QuEst	790	0.104167	550
SHEFF/QuEst	791	0.166667	818
SHEFF/QuEst	792	0.117647	614
SHEFF/QuEst	793	0.294118	1268
SHEFF/QuEst	794	0.200000	963
SHEFF/QuEst	795	0.090909	492
SHEFF/QuEst	796	0.151515	741
SHEFF/QuEst	797	0.090909	493
SHEFF/QuEst	798	0.000000	92
SHEFF/QuEst	799	0.185185	904
SHEFF/QuEst	800	0.177778	874
SHEFF/QuEst	801	0.555556	1697
SHEFF/QuEst	802	0.076923	430
SHEFF/QuEst	803	0.000000	93
SHEFF/QuEst	804	0.026316	229
SHEFF/QuEst	805	0.120000	620
SHEFF/QuEst	806	1.000000	1815
SHEFF/QuEst	807	0.000000	94
SHEFF/QuEst	808	0.510638	1669
SHEFF/QuEst	809	0.032258	250
SHEFF/QuEst	810	0.041667	276
SHEFF/QuEst	811	0.291667	1265
SHEFF/QuEst	812	0.224138	1060
SHEFF/QuEst	813	0.052632	312
SHEFF/QuEst	814	0.176471	866
SHEFF/QuEst	815	0.250000	1134
SHEFF/QuEst	816	0.181818	887
SHEFF/QuEst	817	0.195652	936
SHEFF/QuEst	818	0.020408	216
SHEFF/QuEst	819	0.025641	227
SHEFF/QuEst	820	0.357143	1433
SHEFF/QuEst	821	0.782609	1794
SHEFF/QuEst	822	0.300000	1278
SHEFF/QuEst	823	0.348837	1413
SHEFF/QuEst	824	0.333333	1371
SHEFF/QuEst	825	0.048387	297
SHEFF/QuEst	826	0.250000	1135
SHEFF/QuEst	827	0.125000	645
SHEFF/QuEst	828	0.175000	863
SHEFF/QuEst	829	0.045455	289
SHEFF/QuEst	830	0.108108	570
SHEFF/QuEst	831	0.486486	1640
SHEFF/QuEst	832	0.061728	362
SHEFF/QuEst	833	0.322581	1345
SHEFF/QuEst	834	0.230769	1075
SHEFF/QuEst	835	0.304348	1293
SHEFF/QuEst	836	0.076923	431
SHEFF/QuEst	837	0.232143	1087
SHEFF/QuEst	838	0.578947	1716
SHEFF/QuEst	839	0.428571	1562
SHEFF/QuEst	840	0.333333	1372
SHEFF/QuEst	841	0.250000	1136
SHEFF/QuEst	842	0.466667	1618
SHEFF/QuEst	843	0.230769	1076
SHEFF/QuEst	844	0.222222	1048
SHEFF/QuEst	845	0.370370	1460
SHEFF/QuEst	846	0.160000	783
SHEFF/QuEst	847	0.300000	1279
SHEFF/QuEst	848	0.176471	867
SHEFF/QuEst	849	0.090909	494
SHEFF/QuEst	850	0.093750	507
SHEFF/QuEst	851	0.000000	95
SHEFF/QuEst	852	0.055556	330
SHEFF/QuEst	853	0.272727	1206
SHEFF/QuEst	854	0.121951	625
SHEFF/QuEst	855	0.066667	383
SHEFF/QuEst	856	0.090909	495
SHEFF/QuEst	857	0.100000	533
SHEFF/QuEst	858	0.037037	266
SHEFF/QuEst	859	0.000000	96
SHEFF/QuEst	860	0.631579	1747
SHEFF/QuEst	861	0.500000	1651
SHEFF/QuEst	862	0.250000	1137
SHEFF/QuEst	863	0.153846	756
SHEFF/QuEst	864	0.000000	97
SHEFF/QuEst	865	0.157895	773
SHEFF/QuEst	866	0.192308	929
SHEFF/QuEst	867	0.642857	1755
SHEFF/QuEst	868	0.821429	1801
SHEFF/QuEst	869	0.352941	1424
SHEFF/QuEst	870	0.120000	621
SHEFF/QuEst	871	0.666667	1765
SHEFF/QuEst	872	0.833333	1803
SHEFF/QuEst	873	0.214286	1023
SHEFF/QuEst	874	0.190476	923
SHEFF/QuEst	875	0.818182	1800
SHEFF/QuEst	876	0.333333	1373
SHEFF/QuEst	877	0.000000	98
SHEFF/QuEst	878	0.294118	1269
SHEFF/QuEst	879	0.000000	99
SHEFF/QuEst	880	0.000000	100
SHEFF/QuEst	881	0.600000	1727
SHEFF/QuEst	882	0.181818	888
SHEFF/QuEst	883	0.206897	1000
SHEFF/QuEst	884	0.294118	1270
SHEFF/QuEst	885	0.113208	605
SHEFF/QuEst	886	0.171429	853
SHEFF/QuEst	887	0.311111	1316
SHEFF/QuEst	888	0.650000	1759
SHEFF/QuEst	889	0.400000	1516
SHEFF/QuEst	890	0.357143	1434
SHEFF/QuEst	891	0.333333	1374
SHEFF/QuEst	892	0.266667	1186
SHEFF/QuEst	893	0.222222	1049
SHEFF/QuEst	894	0.166667	819
SHEFF/QuEst	895	0.068966	393
SHEFF/QuEst	896	0.200000	964
SHEFF/QuEst	897	0.129032	662
SHEFF/QuEst	898	0.166667	820
SHEFF/QuEst	899	0.000000	101
SHEFF/QuEst	900	0.384615	1488
SHEFF/QuEst	901	0.318182	1338
SHEFF/QuEst	902	0.098039	520
SHEFF/QuEst	903	0.562500	1700
SHEFF/QuEst	904	0.437500	1576
SHEFF/QuEst	905	0.107143	569
SHEFF/QuEst	906	0.173913	858
SHEFF/QuEst	907	0.086957	469
SHEFF/QuEst	908	0.230769	1077
SHEFF/QuEst	909	0.200000	965
SHEFF/QuEst	910	0.204545	992
SHEFF/QuEst	911	0.000000	102
SHEFF/QuEst	912	0.300000	1280
SHEFF/QuEst	913	0.200000	966
SHEFF/QuEst	914	0.461538	1610
SHEFF/QuEst	915	0.454545	1599
SHEFF/QuEst	916	0.022727	220
SHEFF/QuEst	917	0.000000	103
SHEFF/QuEst	918	0.571429	1711
SHEFF/QuEst	919	0.315789	1329
SHEFF/QuEst	920	0.250000	1138
SHEFF/QuEst	921	0.250000	1139
SHEFF/QuEst	922	0.352941	1425
SHEFF/QuEst	923	0.217391	1032
SHEFF/QuEst	924	0.125000	646
SHEFF/QuEst	925	0.035714	263
SHEFF/QuEst	926	0.166667	821
SHEFF/QuEst	927	0.225806	1062
SHEFF/QuEst	928	0.058824	356
SHEFF/QuEst	929	0.313953	1323
SHEFF/QuEst	930	0.166667	822
SHEFF/QuEst	931	0.055556	331
SHEFF/QuEst	932	0.133333	679
SHEFF/QuEst	933	0.277778	1218
SHEFF/QuEst	934	0.096774	517
SHEFF/QuEst	935	0.050000	302
SHEFF/QuEst	936	0.100000	534
SHEFF/QuEst	937	0.000000	104
SHEFF/QuEst	938	0.117647	615
SHEFF/QuEst	939	0.368421	1456
SHEFF/QuEst	940	0.084746	465
SHEFF/QuEst	941	0.600000	1728
SHEFF/QuEst	942	0.055556	332
SHEFF/QuEst	943	0.200000	967
SHEFF/QuEst	944	0.400000	1517
SHEFF/QuEst	945	0.571429	1712
SHEFF/QuEst	946	0.000000	105
SHEFF/QuEst	947	0.156250	770
SHEFF/QuEst	948	0.212121	1014
SHEFF/QuEst	949	0.166667	823
SHEFF/QuEst	950	0.478261	1630
SHEFF/QuEst	951	0.000000	106
SHEFF/QuEst	952	0.000000	107
SHEFF/QuEst	953	0.388889	1498
SHEFF/QuEst	954	0.434783	1573
SHEFF/QuEst	955	0.333333	1375
SHEFF/QuEst	956	0.161290	787
SHEFF/QuEst	957	0.333333	1376
SHEFF/QuEst	958	0.147059	727
SHEFF/QuEst	959	0.222222	1050
SHEFF/QuEst	960	0.285714	1240
SHEFF/QuEst	961	0.368421	1457
SHEFF/QuEst	962	0.055556	333
SHEFF/QuEst	963	0.214286	1024
SHEFF/QuEst	964	0.035714	264
SHEFF/QuEst	965	0.243902	1113
SHEFF/QuEst	966	0.090909	496
SHEFF/QuEst	967	0.333333	1377
SHEFF/QuEst	968	0.500000	1652
SHEFF/QuEst	969	0.280000	1222
SHEFF/QuEst	970	0.062500	369
SHEFF/QuEst	971	0.000000	108
SHEFF/QuEst	972	0.185185	905
SHEFF/QuEst	973	0.525000	1675
SHEFF/QuEst	974	0.230769	1078
SHEFF/QuEst	975	0.142857	707
SHEFF/QuEst	976	0.315789	1330
SHEFF/QuEst	977	0.153846	757
SHEFF/QuEst	978	0.259259	1166
SHEFF/QuEst	979	0.062500	370
SHEFF/QuEst	980	0.400000	1518
SHEFF/QuEst	981	0.181818	889
SHEFF/QuEst	982	0.000000	109
SHEFF/QuEst	983	0.111111	585
SHEFF/QuEst	984	0.142857	708
SHEFF/QuEst	985	0.263158	1178
SHEFF/QuEst	986	0.052632	313
SHEFF/QuEst	987	0.333333	1378
SHEFF/QuEst	988	0.076923	432
SHEFF/QuEst	989	0.000000	110
SHEFF/QuEst	990	0.000000	111
SHEFF/QuEst	991	0.083333	454
SHEFF/QuEst	992	0.600000	1729
SHEFF/QuEst	993	0.052632	314
SHEFF/QuEst	994	0.388889	1499
SHEFF/QuEst	995	0.280000	1223
SHEFF/QuEst	996	0.057692	349
SHEFF/QuEst	997	0.111111	586
SHEFF/QuEst	998	0.338983	1400
SHEFF/QuEst	999	0.193548	932
SHEFF/QuEst	1000	0.125000	647
SHEFF/QuEst	1001	0.205882	996
SHEFF/QuEst	1002	0.363636	1445
SHEFF/QuEst	1003	0.148148	730
SHEFF/QuEst	1004	0.000000	112
SHEFF/QuEst	1005	0.000000	113
SHEFF/QuEst	1006	0.000000	114
SHEFF/QuEst	1007	0.307692	1303
SHEFF/QuEst	1008	0.066667	384
SHEFF/QuEst	1009	0.265306	1181
SHEFF/QuEst	1010	0.159091	781
SHEFF/QuEst	1011	0.076923	433
SHEFF/QuEst	1012	0.111111	587
SHEFF/QuEst	1013	0.000000	115
SHEFF/QuEst	1014	0.285714	1241
SHEFF/QuEst	1015	0.250000	1140
SHEFF/QuEst	1016	0.111111	588
SHEFF/QuEst	1017	0.500000	1653
SHEFF/QuEst	1018	0.714286	1782
SHEFF/QuEst	1019	0.000000	116
SHEFF/QuEst	1020	0.000000	117
SHEFF/QuEst	1021	0.333333	1379
SHEFF/QuEst	1022	0.000000	118
SHEFF/QuEst	1023	0.263158	1179
SHEFF/QuEst	1024	0.200000	968
SHEFF/QuEst	1025	0.166667	824
SHEFF/QuEst	1026	0.133333	680
SHEFF/QuEst	1027	0.366667	1453
SHEFF/QuEst	1028	0.151515	742
SHEFF/QuEst	1029	0.315789	1331
SHEFF/QuEst	1030	0.642857	1756
SHEFF/QuEst	1031	0.166667	825
SHEFF/QuEst	1032	0.095238	510
SHEFF/QuEst	1033	0.000000	119
SHEFF/QuEst	1034	0.323529	1350
SHEFF/QuEst	1035	0.571429	1713
SHEFF/QuEst	1036	0.161290	788
SHEFF/QuEst	1037	0.161290	789
SHEFF/QuEst	1038	0.114286	606
SHEFF/QuEst	1039	0.476190	1627
SHEFF/QuEst	1040	0.250000	1141
SHEFF/QuEst	1041	0.034483	256
SHEFF/QuEst	1042	0.111111	589
SHEFF/QuEst	1043	0.285714	1242
SHEFF/QuEst	1044	0.142857	709
SHEFF/QuEst	1045	0.170732	851
SHEFF/QuEst	1046	0.023256	221
SHEFF/QuEst	1047	0.000000	120
SHEFF/QuEst	1048	0.034483	257
SHEFF/QuEst	1049	0.043478	282
SHEFF/QuEst	1050	0.148148	731
SHEFF/QuEst	1051	0.125000	648
SHEFF/QuEst	1052	0.416667	1541
SHEFF/QuEst	1053	0.153846	758
SHEFF/QuEst	1054	0.600000	1730
SHEFF/QuEst	1055	0.098039	521
SHEFF/QuEst	1056	0.333333	1380
SHEFF/QuEst	1057	0.307692	1304
SHEFF/QuEst	1058	0.444444	1584
SHEFF/QuEst	1059	0.270833	1195
SHEFF/QuEst	1060	0.269231	1191
SHEFF/QuEst	1061	0.083333	455
SHEFF/QuEst	1062	0.000000	121
SHEFF/QuEst	1063	0.076923	434
SHEFF/QuEst	1064	0.000000	122
SHEFF/QuEst	1065	0.136364	689
SHEFF/QuEst	1066	0.200000	969
SHEFF/QuEst	1067	0.100000	535
SHEFF/QuEst	1068	0.150000	737
SHEFF/QuEst	1069	0.448276	1590
SHEFF/QuEst	1070	0.333333	1381
SHEFF/QuEst	1071	0.222222	1051
SHEFF/QuEst	1072	0.428571	1563
SHEFF/QuEst	1073	0.000000	123
SHEFF/QuEst	1074	0.344828	1408
SHEFF/QuEst	1075	0.071429	408
SHEFF/QuEst	1076	0.142857	710
SHEFF/QuEst	1077	0.083333	456
SHEFF/QuEst	1078	0.566667	1706
SHEFF/QuEst	1079	0.037037	267
SHEFF/QuEst	1080	0.179487	879
SHEFF/QuEst	1081	0.269841	1194
SHEFF/QuEst	1082	0.333333	1382
SHEFF/QuEst	1083	0.066667	385
SHEFF/QuEst	1084	0.533333	1682
SHEFF/QuEst	1085	0.208333	1003
SHEFF/QuEst	1086	0.166667	826
SHEFF/QuEst	1087	0.125000	649
SHEFF/QuEst	1088	0.205882	997
SHEFF/QuEst	1089	0.517241	1670
SHEFF/QuEst	1090	0.357143	1435
SHEFF/QuEst	1091	0.281250	1226
SHEFF/QuEst	1092	0.000000	124
SHEFF/QuEst	1093	0.000000	125
SHEFF/QuEst	1094	0.066667	386
SHEFF/QuEst	1095	0.769231	1792
SHEFF/QuEst	1096	0.566667	1707
SHEFF/QuEst	1097	0.136364	690
SHEFF/QuEst	1098	0.111111	590
SHEFF/QuEst	1099	0.137931	693
SHEFF/QuEst	1100	0.500000	1654
SHEFF/QuEst	1101	0.428571	1564
SHEFF/QuEst	1102	0.052632	315
SHEFF/QuEst	1103	0.388889	1500
SHEFF/QuEst	1104	0.156250	771
SHEFF/QuEst	1105	0.105263	557
SHEFF/QuEst	1106	0.105263	558
SHEFF/QuEst	1107	0.041667	277
SHEFF/QuEst	1108	0.250000	1142
SHEFF/QuEst	1109	0.214286	1025
SHEFF/QuEst	1110	0.312500	1321
SHEFF/QuEst	1111	0.333333	1383
SHEFF/QuEst	1112	0.055556	334
SHEFF/QuEst	1113	0.375000	1474
SHEFF/QuEst	1114	0.375000	1475
SHEFF/QuEst	1115	0.125000	650
SHEFF/QuEst	1116	0.291667	1266
SHEFF/QuEst	1117	0.500000	1655
SHEFF/QuEst	1118	0.133333	681
SHEFF/QuEst	1119	0.307692	1305
SHEFF/QuEst	1120	0.111111	591
SHEFF/QuEst	1121	0.363636	1446
SHEFF/QuEst	1122	0.333333	1384
SHEFF/QuEst	1123	0.146341	726
SHEFF/QuEst	1124	0.150000	738
SHEFF/QuEst	1125	0.230769	1079
SHEFF/QuEst	1126	0.071429	409
SHEFF/QuEst	1127	0.083333	457
SHEFF/QuEst	1128	0.409091	1532
SHEFF/QuEst	1129	0.289474	1260
SHEFF/QuEst	1130	0.000000	126
SHEFF/QuEst	1131	0.538462	1684
SHEFF/QuEst	1132	0.857143	1808
SHEFF/QuEst	1133	0.400000	1519
SHEFF/QuEst	1134	0.052632	316
SHEFF/QuEst	1135	0.272727	1207
SHEFF/QuEst	1136	0.346154	1410
SHEFF/QuEst	1137	0.000000	127
SHEFF/QuEst	1138	0.333333	1385
SHEFF/QuEst	1139	0.071429	410
SHEFF/QuEst	1140	0.272727	1208
SHEFF/QuEst	1141	0.000000	128
SHEFF/QuEst	1142	0.033333	252
SHEFF/QuEst	1143	0.250000	1143
SHEFF/QuEst	1144	0.241379	1108
SHEFF/QuEst	1145	0.057143	348
SHEFF/QuEst	1146	0.083333	458
SHEFF/QuEst	1147	0.210526	1011
SHEFF/QuEst	1148	0.000000	129
SHEFF/QuEst	1149	0.147059	728
SHEFF/QuEst	1150	0.095238	511
SHEFF/QuEst	1151	0.375000	1476
SHEFF/QuEst	1152	0.157895	774
SHEFF/QuEst	1153	0.000000	130
SHEFF/QuEst	1154	0.121212	623
SHEFF/QuEst	1155	0.000000	131
SHEFF/QuEst	1156	0.066667	387
SHEFF/QuEst	1157	0.000000	132
SHEFF/QuEst	1158	0.125000	651
SHEFF/QuEst	1159	0.129032	663
SHEFF/QuEst	1160	0.640000	1752
SHEFF/QuEst	1161	0.200000	970
SHEFF/QuEst	1162	0.421053	1549
SHEFF/QuEst	1163	0.181818	890
SHEFF/QuEst	1164	0.071429	411
SHEFF/QuEst	1165	0.157895	775
SHEFF/QuEst	1166	0.320000	1340
SHEFF/QuEst	1167	0.225806	1063
SHEFF/QuEst	1168	0.043478	283
SHEFF/QuEst	1169	0.000000	133
SHEFF/QuEst	1170	0.111111	592
SHEFF/QuEst	1171	0.260870	1173
SHEFF/QuEst	1172	0.000000	134
SHEFF/QuEst	1173	0.233333	1091
SHEFF/QuEst	1174	0.130435	666
SHEFF/QuEst	1175	0.125000	652
SHEFF/QuEst	1176	0.062500	371
SHEFF/QuEst	1177	0.000000	135
SHEFF/QuEst	1178	0.000000	136
SHEFF/QuEst	1179	0.166667	827
SHEFF/QuEst	1180	0.538462	1685
SHEFF/QuEst	1181	0.200000	971
SHEFF/QuEst	1182	0.218182	1035
SHEFF/QuEst	1183	0.062500	372
SHEFF/QuEst	1184	0.343750	1404
SHEFF/QuEst	1185	0.269231	1192
SHEFF/QuEst	1186	0.181818	891
SHEFF/QuEst	1187	0.307692	1306
SHEFF/QuEst	1188	0.189189	920
SHEFF/QuEst	1189	0.133333	682
SHEFF/QuEst	1190	0.454545	1600
SHEFF/QuEst	1191	0.000000	137
SHEFF/QuEst	1192	0.416667	1542
SHEFF/QuEst	1193	0.142857	711
SHEFF/QuEst	1194	0.181818	892
SHEFF/QuEst	1195	0.250000	1144
SHEFF/QuEst	1196	0.157895	776
SHEFF/QuEst	1197	0.321429	1341
SHEFF/QuEst	1198	0.238095	1101
SHEFF/QuEst	1199	0.440000	1579
SHEFF/QuEst	1200	0.041667	278
SHEFF/QuEst	1201	0.066667	388
SHEFF/QuEst	1202	0.250000	1145
SHEFF/QuEst	1203	0.200000	972
SHEFF/QuEst	1204	0.055556	335
SHEFF/QuEst	1205	0.266667	1187
SHEFF/QuEst	1206	0.416667	1543
SHEFF/QuEst	1207	0.500000	1656
SHEFF/QuEst	1208	0.277778	1219
SHEFF/QuEst	1209	0.229167	1068
SHEFF/QuEst	1210	0.700000	1774
SHEFF/QuEst	1211	0.333333	1386
SHEFF/QuEst	1212	0.000000	138
SHEFF/QuEst	1213	0.145833	725
SHEFF/QuEst	1214	0.057692	350
SHEFF/QuEst	1215	0.304348	1294
SHEFF/QuEst	1216	0.346939	1412
SHEFF/QuEst	1217	0.000000	139
SHEFF/QuEst	1218	0.142857	712
SHEFF/QuEst	1219	0.200000	973
SHEFF/QuEst	1220	0.583333	1721
SHEFF/QuEst	1221	0.055556	336
SHEFF/QuEst	1222	0.000000	140
SHEFF/QuEst	1223	0.083333	459
SHEFF/QuEst	1224	0.000000	141
SHEFF/QuEst	1225	0.307692	1307
SHEFF/QuEst	1226	0.285714	1243
SHEFF/QuEst	1227	0.307692	1308
SHEFF/QuEst	1228	0.176471	868
SHEFF/QuEst	1229	0.181818	893
SHEFF/QuEst	1230	0.000000	142
SHEFF/QuEst	1231	0.227273	1065
SHEFF/QuEst	1232	0.156250	772
SHEFF/QuEst	1233	0.000000	143
SHEFF/QuEst	1234	0.266667	1188
SHEFF/QuEst	1235	0.111111	593
SHEFF/QuEst	1236	0.322581	1346
SHEFF/QuEst	1237	0.200000	974
SHEFF/QuEst	1238	0.000000	144
SHEFF/QuEst	1239	0.388889	1501
SHEFF/QuEst	1240	0.555556	1698
SHEFF/QuEst	1241	0.222222	1052
SHEFF/QuEst	1242	0.305556	1298
SHEFF/QuEst	1243	0.222222	1053
SHEFF/QuEst	1244	0.208333	1004
SHEFF/QuEst	1245	0.086957	470
SHEFF/QuEst	1246	0.050000	303
SHEFF/QuEst	1247	0.400000	1520
SHEFF/QuEst	1248	0.000000	145
SHEFF/QuEst	1249	0.000000	146
SHEFF/QuEst	1250	0.135135	686
SHEFF/QuEst	1251	0.026316	230
SHEFF/QuEst	1252	0.153846	759
SHEFF/QuEst	1253	0.500000	1657
SHEFF/QuEst	1254	0.200000	975
SHEFF/QuEst	1255	0.125000	653
SHEFF/QuEst	1256	0.405063	1530
SHEFF/QuEst	1257	0.000000	147
SHEFF/QuEst	1258	0.000000	148
SHEFF/QuEst	1259	0.166667	828
SHEFF/QuEst	1260	0.250000	1146
SHEFF/QuEst	1261	0.111111	594
SHEFF/QuEst	1262	0.037037	268
SHEFF/QuEst	1263	0.657143	1761
SHEFF/QuEst	1264	0.285714	1244
SHEFF/QuEst	1265	0.238095	1102
SHEFF/QuEst	1266	0.200000	976
SHEFF/QuEst	1267	0.173913	859
SHEFF/QuEst	1268	0.250000	1147
SHEFF/QuEst	1269	0.151515	743
SHEFF/QuEst	1270	0.000000	149
SHEFF/QuEst	1271	0.285714	1245
SHEFF/QuEst	1272	0.166667	829
SHEFF/QuEst	1273	0.450000	1591
SHEFF/QuEst	1274	1.000000	1816
SHEFF/QuEst	1275	0.088235	473
SHEFF/QuEst	1276	0.125000	654
SHEFF/QuEst	1277	0.285714	1246
SHEFF/QuEst	1278	0.153846	760
SHEFF/QuEst	1279	0.363636	1447
SHEFF/QuEst	1280	0.300000	1281
SHEFF/QuEst	1281	0.090909	497
SHEFF/QuEst	1282	0.000000	150
SHEFF/QuEst	1283	0.068966	394
SHEFF/QuEst	1284	0.090909	498
SHEFF/QuEst	1285	0.000000	151
SHEFF/QuEst	1286	0.400000	1521
SHEFF/QuEst	1287	0.062500	373
SHEFF/QuEst	1288	0.148148	732
SHEFF/QuEst	1289	0.565217	1704
SHEFF/QuEst	1290	0.166667	830
SHEFF/QuEst	1291	0.000000	152
SHEFF/QuEst	1292	0.363636	1448
SHEFF/QuEst	1293	0.500000	1658
SHEFF/QuEst	1294	0.461538	1611
SHEFF/QuEst	1295	0.111111	595
SHEFF/QuEst	1296	0.184211	901
SHEFF/QuEst	1297	0.357143	1436
SHEFF/QuEst	1298	0.500000	1659
SHEFF/QuEst	1299	0.545455	1690
SHEFF/QuEst	1300	0.411765	1535
SHEFF/QuEst	1301	0.285714	1247
SHEFF/QuEst	1302	0.230769	1080
SHEFF/QuEst	1303	0.333333	1387
SHEFF/QuEst	1304	0.454545	1601
SHEFF/QuEst	1305	0.615385	1736
SHEFF/QuEst	1306	0.384615	1489
SHEFF/QuEst	1307	0.428571	1565
SHEFF/QuEst	1308	0.052632	317
SHEFF/QuEst	1309	0.080000	445
SHEFF/QuEst	1310	0.157895	777
SHEFF/QuEst	1311	0.055556	337
SHEFF/QuEst	1312	0.166667	831
SHEFF/QuEst	1313	0.080000	446
SHEFF/QuEst	1314	0.000000	153
SHEFF/QuEst	1315	0.000000	154
SHEFF/QuEst	1316	0.454545	1602
SHEFF/QuEst	1317	0.187500	917
SHEFF/QuEst	1318	0.642857	1757
SHEFF/QuEst	1319	0.230769	1081
SHEFF/QuEst	1320	0.130435	667
SHEFF/QuEst	1321	0.090909	499
SHEFF/QuEst	1322	0.076923	435
SHEFF/QuEst	1323	0.470588	1620
SHEFF/QuEst	1324	0.409091	1533
SHEFF/QuEst	1325	0.216216	1030
SHEFF/QuEst	1326	0.400000	1522
SHEFF/QuEst	1327	0.214286	1026
SHEFF/QuEst	1328	0.314286	1324
SHEFF/QuEst	1329	0.071429	412
SHEFF/QuEst	1330	0.310345	1315
SHEFF/QuEst	1331	0.285714	1248
SHEFF/QuEst	1332	0.312500	1322
SHEFF/QuEst	1333	0.090909	500
SHEFF/QuEst	1334	0.054054	323
SHEFF/QuEst	1335	0.000000	155
SHEFF/QuEst	1336	0.216216	1031
SHEFF/QuEst	1337	0.636364	1749
SHEFF/QuEst	1338	0.400000	1523
SHEFF/QuEst	1339	0.444444	1585
SHEFF/QuEst	1340	0.234043	1093
SHEFF/QuEst	1341	0.000000	156
SHEFF/QuEst	1342	0.153846	761
SHEFF/QuEst	1343	0.000000	157
SHEFF/QuEst	1344	0.440000	1580
SHEFF/QuEst	1345	0.000000	158
SHEFF/QuEst	1346	0.117647	616
SHEFF/QuEst	1347	0.259259	1167
SHEFF/QuEst	1348	0.300000	1282
SHEFF/QuEst	1349	0.400000	1524
SHEFF/QuEst	1350	0.612903	1733
SHEFF/QuEst	1351	0.800000	1798
SHEFF/QuEst	1352	0.192308	930
SHEFF/QuEst	1353	0.200000	977
SHEFF/QuEst	1354	0.034483	258
SHEFF/QuEst	1355	0.000000	159
SHEFF/QuEst	1356	0.142857	713
SHEFF/QuEst	1357	0.121951	626
SHEFF/QuEst	1358	0.636364	1750
SHEFF/QuEst	1359	0.125000	655
SHEFF/QuEst	1360	0.375000	1477
SHEFF/QuEst	1361	0.100000	536
SHEFF/QuEst	1362	0.333333	1388
SHEFF/QuEst	1363	0.090909	501
SHEFF/QuEst	1364	0.166667	832
SHEFF/QuEst	1365	0.071429	413
SHEFF/QuEst	1366	0.100000	537
SHEFF/QuEst	1367	0.181818	894
SHEFF/QuEst	1368	0.142857	714
SHEFF/QuEst	1369	0.055556	338
SHEFF/QuEst	1370	0.300000	1283
SHEFF/QuEst	1371	0.083333	460
SHEFF/QuEst	1372	0.350000	1416
SHEFF/QuEst	1373	0.400000	1525
SHEFF/QuEst	1374	0.000000	160
SHEFF/QuEst	1375	0.222222	1054
SHEFF/QuEst	1376	0.500000	1660
SHEFF/QuEst	1377	0.380952	1479
SHEFF/QuEst	1378	0.388889	1502
SHEFF/QuEst	1379	0.034483	259
SHEFF/QuEst	1380	0.307692	1309
SHEFF/QuEst	1381	0.250000	1148
SHEFF/QuEst	1382	0.028571	236
SHEFF/QuEst	1383	0.200000	978
SHEFF/QuEst	1384	0.000000	161
SHEFF/QuEst	1385	0.578947	1717
SHEFF/QuEst	1386	0.031250	242
SHEFF/QuEst	1387	0.200000	979
SHEFF/QuEst	1388	0.076923	436
SHEFF/QuEst	1389	0.476190	1628
SHEFF/QuEst	1390	0.000000	162
SHEFF/QuEst	1391	0.157895	778
SHEFF/QuEst	1392	0.208333	1005
SHEFF/QuEst	1393	0.517241	1671
SHEFF/QuEst	1394	0.317460	1336
SHEFF/QuEst	1395	0.000000	163
SHEFF/QuEst	1396	0.241379	1109
SHEFF/QuEst	1397	0.161290	790
SHEFF/QuEst	1398	0.102041	544
SHEFF/QuEst	1399	0.421053	1550
SHEFF/QuEst	1400	0.111111	596
SHEFF/QuEst	1401	0.108696	572
SHEFF/QuEst	1402	0.428571	1566
SHEFF/QuEst	1403	0.134615	684
SHEFF/QuEst	1404	0.250000	1149
SHEFF/QuEst	1405	0.214286	1027
SHEFF/QuEst	1406	0.086957	471
SHEFF/QuEst	1407	0.000000	164
SHEFF/QuEst	1408	0.100000	538
SHEFF/QuEst	1409	0.394737	1506
SHEFF/QuEst	1410	0.153846	762
SHEFF/QuEst	1411	0.230769	1082
SHEFF/QuEst	1412	0.066667	389
SHEFF/QuEst	1413	0.244444	1114
SHEFF/QuEst	1414	0.800000	1799
SHEFF/QuEst	1415	0.117647	617
SHEFF/QuEst	1416	0.260870	1174
SHEFF/QuEst	1417	0.437500	1577
SHEFF/QuEst	1418	0.421053	1551
SHEFF/QuEst	1419	0.190476	924
SHEFF/QuEst	1420	0.083333	461
SHEFF/QuEst	1421	0.160000	784
SHEFF/QuEst	1422	0.051282	306
SHEFF/QuEst	1423	0.562500	1701
SHEFF/QuEst	1424	0.083333	462
SHEFF/QuEst	1425	0.500000	1661
SHEFF/QuEst	1426	0.000000	165
SHEFF/QuEst	1427	0.315789	1332
SHEFF/QuEst	1428	0.315789	1333
SHEFF/QuEst	1429	0.103448	546
SHEFF/QuEst	1430	0.000000	166
SHEFF/QuEst	1431	0.090909	502
SHEFF/QuEst	1432	0.395349	1508
SHEFF/QuEst	1433	0.285714	1249
SHEFF/QuEst	1434	0.000000	167
SHEFF/QuEst	1435	0.428571	1567
SHEFF/QuEst	1436	0.300000	1284
SHEFF/QuEst	1437	0.428571	1568
SHEFF/QuEst	1438	0.090909	503
SHEFF/QuEst	1439	0.285714	1250
SHEFF/QuEst	1440	0.461538	1612
SHEFF/QuEst	1441	0.000000	168
SHEFF/QuEst	1442	0.111111	597
SHEFF/QuEst	1443	0.230769	1083
SHEFF/QuEst	1444	0.088235	474
SHEFF/QuEst	1445	0.000000	169
SHEFF/QuEst	1446	0.229167	1069
SHEFF/QuEst	1447	0.096774	518
SHEFF/QuEst	1448	0.166667	833
SHEFF/QuEst	1449	0.100000	539
SHEFF/QuEst	1450	0.190476	925
SHEFF/QuEst	1451	0.173913	860
SHEFF/QuEst	1452	0.103448	547
SHEFF/QuEst	1453	0.235294	1098
SHEFF/QuEst	1454	0.142857	715
SHEFF/QuEst	1455	0.071429	414
SHEFF/QuEst	1456	0.193548	933
SHEFF/QuEst	1457	0.151515	744
SHEFF/QuEst	1458	0.074074	421
SHEFF/QuEst	1459	0.214286	1028
SHEFF/QuEst	1460	0.304348	1295
SHEFF/QuEst	1461	0.153846	763
SHEFF/QuEst	1462	0.062500	374
SHEFF/QuEst	1463	0.200000	980
SHEFF/QuEst	1464	0.100000	540
SHEFF/QuEst	1465	0.111111	598
SHEFF/QuEst	1466	0.019231	213
SHEFF/QuEst	1467	0.142857	716
SHEFF/QuEst	1468	0.473684	1623
SHEFF/QuEst	1469	0.052632	318
SHEFF/QuEst	1470	0.074074	422
SHEFF/QuEst	1471	0.750000	1791
SHEFF/QuEst	1472	0.684211	1770
SHEFF/QuEst	1473	0.153846	764
SHEFF/QuEst	1474	0.181818	895
SHEFF/QuEst	1475	0.071429	415
SHEFF/QuEst	1476	0.000000	170
SHEFF/QuEst	1477	0.166667	834
SHEFF/QuEst	1478	0.333333	1389
SHEFF/QuEst	1479	0.000000	171
SHEFF/QuEst	1480	0.260870	1175
SHEFF/QuEst	1481	0.076923	437
SHEFF/QuEst	1482	0.384615	1490
SHEFF/QuEst	1483	0.666667	1766
SHEFF/QuEst	1484	0.058824	357
SHEFF/QuEst	1485	0.307692	1310
SHEFF/QuEst	1486	0.083333	463
SHEFF/QuEst	1487	0.473684	1624
SHEFF/QuEst	1488	0.111111	599
SHEFF/QuEst	1489	0.166667	835
SHEFF/QuEst	1490	0.300000	1285
SHEFF/QuEst	1491	0.500000	1662
SHEFF/QuEst	1492	0.241379	1110
SHEFF/QuEst	1493	0.400000	1526
SHEFF/QuEst	1494	0.258065	1161
SHEFF/QuEst	1495	0.153846	765
SHEFF/QuEst	1496	0.176471	869
SHEFF/QuEst	1497	0.000000	172
SHEFF/QuEst	1498	0.000000	173
SHEFF/QuEst	1499	0.038462	270
SHEFF/QuEst	1500	0.290323	1261
SHEFF/QuEst	1501	0.153846	766
SHEFF/QuEst	1502	0.151515	745
SHEFF/QuEst	1503	0.115385	609
SHEFF/QuEst	1504	0.130435	668
SHEFF/QuEst	1505	0.260870	1176
SHEFF/QuEst	1506	0.382353	1483
SHEFF/QuEst	1507	0.105263	559
SHEFF/QuEst	1508	0.111111	600
SHEFF/QuEst	1509	0.000000	174
SHEFF/QuEst	1510	0.565217	1705
SHEFF/QuEst	1511	0.227273	1066
SHEFF/QuEst	1512	0.055556	339
SHEFF/QuEst	1513	0.368421	1458
SHEFF/QuEst	1514	0.400000	1527
SHEFF/QuEst	1515	0.545455	1691
SHEFF/QuEst	1516	0.232143	1088
SHEFF/QuEst	1517	0.500000	1663
SHEFF/QuEst	1518	0.000000	175
SHEFF/QuEst	1519	0.217391	1033
SHEFF/QuEst	1520	0.250000	1150
SHEFF/QuEst	1521	0.055556	340
SHEFF/QuEst	1522	0.483871	1638
SHEFF/QuEst	1523	0.027027	231
SHEFF/QuEst	1524	0.200000	981
SHEFF/QuEst	1525	0.200000	982
SHEFF/QuEst	1526	0.272727	1209
SHEFF/QuEst	1527	0.250000	1151
SHEFF/QuEst	1528	0.153846	767
SHEFF/QuEst	1529	0.222222	1055
SHEFF/QuEst	1530	0.052632	319
SHEFF/QuEst	1531	0.416667	1544
SHEFF/QuEst	1532	0.138889	695
SHEFF/QuEst	1533	0.333333	1390
SHEFF/QuEst	1534	0.240741	1107
SHEFF/QuEst	1535	0.081081	449
SHEFF/QuEst	1536	0.075000	423
SHEFF/QuEst	1537	0.395349	1509
SHEFF/QuEst	1538	0.333333	1391
SHEFF/QuEst	1539	0.708333	1776
SHEFF/QuEst	1540	0.076923	438
SHEFF/QuEst	1541	0.500000	1664
SHEFF/QuEst	1542	0.166667	836
SHEFF/QuEst	1543	0.343750	1405
SHEFF/QuEst	1544	0.200000	983
SHEFF/QuEst	1545	0.076923	439
SHEFF/QuEst	1546	0.095238	512
SHEFF/QuEst	1547	0.414634	1538
SHEFF/QuEst	1548	0.307692	1311
SHEFF/QuEst	1549	0.333333	1392
SHEFF/QuEst	1550	0.000000	176
SHEFF/QuEst	1551	0.454545	1603
SHEFF/QuEst	1552	0.000000	177
SHEFF/QuEst	1553	0.076923	440
SHEFF/QuEst	1554	0.166667	837
SHEFF/QuEst	1555	0.058824	358
SHEFF/QuEst	1556	0.384615	1491
SHEFF/QuEst	1557	0.222222	1056
SHEFF/QuEst	1558	0.133333	683
SHEFF/QuEst	1559	0.222222	1057
SHEFF/QuEst	1560	0.000000	178
SHEFF/QuEst	1561	0.625000	1746
SHEFF/QuEst	1562	0.025641	228
SHEFF/QuEst	1563	0.666667	1767
SHEFF/QuEst	1564	0.240000	1106
SHEFF/QuEst	1565	0.307692	1312
SHEFF/QuEst	1566	0.250000	1152
SHEFF/QuEst	1567	0.250000	1153
SHEFF/QuEst	1568	0.100000	541
SHEFF/QuEst	1569	0.117647	618
SHEFF/QuEst	1570	0.244444	1115
SHEFF/QuEst	1571	0.363636	1449
SHEFF/QuEst	1572	0.111111	601
SHEFF/QuEst	1573	0.027027	232
SHEFF/QuEst	1574	0.150000	739
SHEFF/QuEst	1575	0.100000	542
SHEFF/QuEst	1576	0.000000	179
SHEFF/QuEst	1577	0.285714	1251
SHEFF/QuEst	1578	0.130435	669
SHEFF/QuEst	1579	0.684211	1771
SHEFF/QuEst	1580	0.400000	1528
SHEFF/QuEst	1581	0.130435	670
SHEFF/QuEst	1582	0.714286	1783
SHEFF/QuEst	1583	0.230769	1084
SHEFF/QuEst	1584	1.000000	1817
SHEFF/QuEst	1585	0.055556	341
SHEFF/QuEst	1586	0.296296	1273
SHEFF/QuEst	1587	0.038462	271
SHEFF/QuEst	1588	0.478261	1631
SHEFF/QuEst	1589	0.185185	906
SHEFF/QuEst	1590	0.266667	1189
SHEFF/QuEst	1591	0.176471	870
SHEFF/QuEst	1592	0.384615	1492
SHEFF/QuEst	1593	0.285714	1252
SHEFF/QuEst	1594	0.476190	1629
SHEFF/QuEst	1595	0.461538	1613
SHEFF/QuEst	1596	0.083333	464
SHEFF/QuEst	1597	0.300000	1286
SHEFF/QuEst	1598	0.300000	1287
SHEFF/QuEst	1599	0.080000	447
SHEFF/QuEst	1600	0.105263	560
SHEFF/QuEst	1601	0.103448	548
SHEFF/QuEst	1602	0.166667	838
SHEFF/QuEst	1603	0.351351	1419
SHEFF/QuEst	1604	0.038462	272
SHEFF/QuEst	1605	0.217391	1034
SHEFF/QuEst	1606	0.000000	180
SHEFF/QuEst	1607	0.166667	839
SHEFF/QuEst	1608	0.108108	571
SHEFF/QuEst	1609	0.090909	504
SHEFF/QuEst	1610	0.051282	307
SHEFF/QuEst	1611	0.000000	181
SHEFF/QuEst	1612	0.000000	182
SHEFF/QuEst	1613	0.000000	183
SHEFF/QuEst	1614	0.178571	877
SHEFF/QuEst	1615	0.703704	1775
SHEFF/QuEst	1616	0.173913	861
SHEFF/QuEst	1617	0.269231	1193
SHEFF/QuEst	1618	0.200000	984
SHEFF/QuEst	1619	0.166667	840
SHEFF/QuEst	1620	0.444444	1586
SHEFF/QuEst	1621	0.266667	1190
SHEFF/QuEst	1622	0.212121	1015
SHEFF/QuEst	1623	0.055556	342
SHEFF/QuEst	1624	0.333333	1393
SHEFF/QuEst	1625	0.103448	549
SHEFF/QuEst	1626	0.285714	1253
SHEFF/QuEst	1627	0.023810	222
SHEFF/QuEst	1628	0.214286	1029
SHEFF/QuEst	1629	0.000000	184
SHEFF/QuEst	1630	0.055556	343
SHEFF/QuEst	1631	0.095238	513
SHEFF/QuEst	1632	0.285714	1254
SHEFF/QuEst	1633	0.183673	899
SHEFF/QuEst	1634	0.222222	1058
SHEFF/QuEst	1635	0.454545	1604
SHEFF/QuEst	1636	0.176471	871
SHEFF/QuEst	1637	0.092593	505
SHEFF/QuEst	1638	0.000000	185
SHEFF/QuEst	1639	0.444444	1587
SHEFF/QuEst	1640	0.062500	375
SHEFF/QuEst	1641	0.176471	872
SHEFF/QuEst	1642	0.785714	1795
SHEFF/QuEst	1643	0.125000	656
SHEFF/QuEst	1644	0.285714	1255
SHEFF/QuEst	1645	0.135135	687
SHEFF/QuEst	1646	0.370370	1461
SHEFF/QuEst	1647	0.000000	186
SHEFF/QuEst	1648	0.260870	1177
SHEFF/QuEst	1649	0.068966	395
SHEFF/QuEst	1650	0.081081	450
SHEFF/QuEst	1651	0.142857	717
SHEFF/QuEst	1652	0.200000	985
SHEFF/QuEst	1653	0.066667	390
SHEFF/QuEst	1654	0.250000	1154
SHEFF/QuEst	1655	0.387097	1495
SHEFF/QuEst	1656	0.076923	441
SHEFF/QuEst	1657	0.285714	1256
SHEFF/QuEst	1658	0.178571	878
SHEFF/QuEst	1659	0.333333	1394
SHEFF/QuEst	1660	0.666667	1768
SHEFF/QuEst	1661	0.200000	986
SHEFF/QuEst	1662	0.166667	841
SHEFF/QuEst	1663	0.500000	1665
SHEFF/QuEst	1664	0.333333	1395
SHEFF/QuEst	1665	0.050000	304
SHEFF/QuEst	1666	0.068966	396
SHEFF/QuEst	1667	0.187500	918
SHEFF/QuEst	1668	0.000000	187
SHEFF/QuEst	1669	0.045455	290
SHEFF/QuEst	1670	0.307692	1313
SHEFF/QuEst	1671	0.333333	1396
SHEFF/QuEst	1672	0.000000	188
SHEFF/QuEst	1673	0.454545	1605
SHEFF/QuEst	1674	0.045455	291
SHEFF/QuEst	1675	0.000000	189
SHEFF/QuEst	1676	0.200000	987
SHEFF/QuEst	1677	0.142857	718
SHEFF/QuEst	1678	0.000000	190
SHEFF/QuEst	1679	0.000000	191
SHEFF/QuEst	1680	0.105263	561
SHEFF/QuEst	1681	0.305556	1299
SHEFF/QuEst	1682	0.045455	292
SHEFF/QuEst	1683	0.166667	842
SHEFF/QuEst	1684	0.200000	988
SHEFF/QuEst	1685	0.181818	896
SHEFF/QuEst	1686	0.166667	843
SHEFF/QuEst	1687	0.000000	192
SHEFF/QuEst	1688	0.069767	398
SHEFF/QuEst	1689	0.105263	562
SHEFF/QuEst	1690	0.352941	1426
SHEFF/QuEst	1691	0.166667	844
SHEFF/QuEst	1692	0.111111	602
SHEFF/QuEst	1693	0.000000	193
SHEFF/QuEst	1694	0.000000	194
SHEFF/QuEst	1695	0.100000	543
SHEFF/QuEst	1696	0.142857	719
SHEFF/QuEst	1697	0.125000	657
SHEFF/QuEst	1698	0.000000	195
SHEFF/QuEst	1699	0.391304	1503
SHEFF/QuEst	1700	0.230769	1085
SHEFF/QuEst	1701	0.222222	1059
SHEFF/QuEst	1702	0.117647	619
SHEFF/QuEst	1703	0.545455	1692
SHEFF/QuEst	1704	0.636364	1751
SHEFF/QuEst	1705	0.055556	344
SHEFF/QuEst	1706	0.500000	1666
SHEFF/QuEst	1707	0.111111	603
SHEFF/QuEst	1708	0.523810	1673
SHEFF/QuEst	1709	0.000000	196
SHEFF/QuEst	1710	0.055556	345
SHEFF/QuEst	1711	0.142857	720
SHEFF/QuEst	1712	0.071429	416
SHEFF/QuEst	1713	0.909091	1810
SHEFF/QuEst	1714	0.162162	793
SHEFF/QuEst	1715	0.176471	873
SHEFF/QuEst	1716	0.454545	1606
SHEFF/QuEst	1717	0.000000	197
SHEFF/QuEst	1718	0.421053	1552
SHEFF/QuEst	1719	0.000000	198
SHEFF/QuEst	1720	0.500000	1667
SHEFF/QuEst	1721	0.055556	346
SHEFF/QuEst	1722	0.400000	1529
SHEFF/QuEst	1723	0.000000	199
SHEFF/QuEst	1724	0.115385	610
SHEFF/QuEst	1725	0.071429	417
SHEFF/QuEst	1726	0.232558	1089
SHEFF/QuEst	1727	0.350000	1417
SHEFF/QuEst	1728	0.200000	989
SHEFF/QuEst	1729	0.428571	1569
SHEFF/QuEst	1730	0.125000	658
SHEFF/QuEst	1731	0.000000	200
SHEFF/QuEst	1732	0.280000	1224
SHEFF/QuEst	1733	0.380952	1480
SHEFF/QuEst	1734	0.461538	1614
SHEFF/QuEst	1735	0.363636	1450
SHEFF/QuEst	1736	0.333333	1397
SHEFF/QuEst	1737	0.346154	1411
SHEFF/QuEst	1738	0.142857	721
SHEFF/QuEst	1739	0.622222	1738
SHEFF/QuEst	1740	0.411765	1536
SHEFF/QuEst	1741	0.472727	1621
SHEFF/QuEst	1742	0.095238	514
SHEFF/QuEst	1743	0.253731	1158
SHEFF/QuEst	1744	0.031250	243
SHEFF/QuEst	1745	0.500000	1668
SHEFF/QuEst	1746	0.172414	856
SHEFF/QuEst	1747	0.230769	1086
SHEFF/QuEst	1748	0.000000	201
SHEFF/QuEst	1749	0.272727	1210
SHEFF/QuEst	1750	0.000000	202
SHEFF/QuEst	1751	0.300000	1288
SHEFF/QuEst	1752	0.157895	779
SHEFF/QuEst	1753	0.350000	1418
SHEFF/QuEst	1754	0.233333	1092
SHEFF/QuEst	1755	0.200000	990
SHEFF/QuEst	1756	0.089286	477
SHEFF/QuEst	1757	0.277778	1220
SHEFF/QuEst	1758	0.166667	845
SHEFF/QuEst	1759	0.478261	1632
SHEFF/QuEst	1760	0.317073	1335
SHEFF/QuEst	1761	0.173913	862
SHEFF/QuEst	1762	0.000000	203
SHEFF/QuEst	1763	0.142857	722
SHEFF/QuEst	1764	0.272727	1211
SHEFF/QuEst	1765	0.333333	1398
SHEFF/QuEst	1766	0.000000	204
SHEFF/QuEst	1767	0.300000	1289
SHEFF/QuEst	1768	0.181818	897
SHEFF/QuEst	1769	0.052632	320
SHEFF/QuEst	1770	0.325000	1352
SHEFF/QuEst	1771	0.142857	723
SHEFF/QuEst	1772	0.333333	1399
SHEFF/QuEst	1773	0.131579	671
SHEFF/QuEst	1774	0.200000	991
SHEFF/QuEst	1775	0.285714	1257
SHEFF/QuEst	1776	0.125000	659
SHEFF/QuEst	1777	0.272727	1212
SHEFF/QuEst	1778	0.250000	1155
SHEFF/QuEst	1779	0.000000	205
SHEFF/QuEst	1780	0.027778	233
SHEFF/QuEst	1781	0.258065	1162
SHEFF/QuEst	1782	0.150000	740
SHEFF/QuEst	1783	0.000000	206
SHEFF/QuEst	1784	0.411765	1537
SHEFF/QuEst	1785	0.066667	391
SHEFF/QuEst	1786	0.058824	359
SHEFF/QuEst	1787	0.187500	919
SHEFF/QuEst	1788	0.000000	207
SHEFF/QuEst	1789	0.169811	849
SHEFF/QuEst	1790	0.166667	846
SHEFF/QuEst	1791	0.307692	1314
SHEFF/QuEst	1792	0.259259	1168
SHEFF/QuEst	1793	0.181818	898
SHEFF/QuEst	1794	0.166667	847
SHEFF/QuEst	1795	0.571429	1714
SHEFF/QuEst	1796	0.000000	208
SHEFF/QuEst	1797	0.153846	768
SHEFF/QuEst	1798	0.093750	508
SHEFF/QuEst	1799	0.068966	397
SHEFF/QuEst	1800	0.384615	1493
SHEFF/QuEst	1801	0.142857	724
SHEFF/QuEst	1802	0.585366	1722
SHEFF/QuEst	1803	0.088235	475
SHEFF/QuEst	1804	0.545455	1693
SHEFF/QuEst	1805	0.043478	284
SHEFF/QuEst	1806	0.260000	1169
SHEFF/QuEst	1807	0.250000	1156
SHEFF/QuEst	1808	0.000000	209
SHEFF/QuEst	1809	0.000000	210
SHEFF/QuEst	1810	0.523810	1674
SHEFF/QuEst	1811	0.272727	1213
SHEFF/QuEst	1812	0.105263	563
SHEFF/QuEst	1813	0.194444	934
SHEFF/QuEst	1814	0.303571	1290
SHEFF/QuEst	1815	0.186047	907
SHEFF/QuEst	1816	0.250000	1157
SHEFF/QuEst	1817	0.121212	624
